{
  "admins": {
    "admin1": {
      "id": "a001",
      "name": "Super Admin",
      "email": "admin@educommand.com",
      "password": "admin123",
      "skills": ["Management", "Leadership"]
    },
    "admin2": {
      "id": "a002",
      "name": "Demo Admin",
      "email": "demo@educommand.com",
      "password": "demo123",
      "skills": ["Support", "Demo"]
    }
  },
  "students": {
    "user1": {
      "id": "001",
      "name": "Arham Ali",
      "email": "techpark-119@protonmail.com",
      "skills": ["Logic", "Creativity"]
    },
    "user2": {
      "id": "002",
      "name": "Usman Ali",
      "email": "usmanaliweb@gmail.com",
      "skills": ["Creativity", "Problem Solving"]
    },
    "user3": {
      "id": "003",
      "name": "Azzam",
      "email": "azzamcodercpu@gmail.com",
      "skills": ["Logic", "Problem Solving"]
    },
    "user4": {
      "id": "004",
      "name": "Shehryar",
      "email": "shehryar@gmail.com",
      "skills": []
    },
    "user5": {
      "id": "005",
      "name": "Minhaj Ahmed",
      "email": "minhajahmed@gmail.com",
      "skills": []
    }
  }
}
