{
    "users": [
        {
            "id": 1,
            "created_at": "2025-07-15T07:02:37.330Z",
            "first_name": "",
            "last_name": "",
            "password": "1234",
            "username": "pakistani123",
            "email": "pakistani@techpark.com",
            "deleted_at": "2025-07-24T06:00:46.535Z",
            "roles": []
        },
        {
            "id": 2,
            "created_at": "2025-07-15T07:03:13.732Z",
            "first_name": "",
            "last_name": "",
            "password": "1234",
            "username": "karachi123",
            "email": "karachi@techpark.com",
            "roles": [
                "admin"
            ]
        },
        {
            "id": 3,
            "created_at": "2025-07-24T06:08:15.500Z",
            "username": "techparkUser",
            "password": "1234",
            "email": "user@techpark.pk",
            "roles": []
        },
        {
            "id": 4,
            "created_at": "2025-07-24T06:15:04.709Z",
            "roles": [],
            "username": "pakistani",
            "password": "1234",
            "email": "pakistani@techpark.pk"
        }
    ],
    "sessions": []
}